Workbook

Sheet BaseCase_simulation
A1: customer_id | B1: interarrival_time | C1: arrival_time | D1: random_number_service | E1: service_type | F1: assigned_teller | G1: service_time | H1: teller1_available_time | I1: teller2_available_time | J1: teller3_available_time | K1: service_start_time | L1: service_end_time | M1: waiting_time | N1: wait(0,1) | O1: queue_length | P1: teller1_idle_time | Q1: teller2_idle_time | R1: teller3_idle_time | S1: teller1_busy | T1: teller2_busy | U1: teller3_busy
A2: 1 | B2: 0 | C2: 0 | D2: =RAND() -> 0.48950298 | E2: =LOOKUP(RAND(),{0,0.4,0.7,0.9},{"DEPOSIT","WITHDRAWAL","INQUIRY","LOAN"}) -> WITHDRAWAL | F2: t1 | G2: =IF(E2="DEPOSIT",MAX(1,-5*LN(D2)),IF(E2="WITHDRAWAL",MAX(1,-6*LN(D2)),IF(E2="INQUIRY",MAX(1,-4*LN(D2)),MAX(1,-12*LN(D2))))) -> 4.2861884 | H2: =L2 -> 4.2861884 | I2: 0 | J2: 0 | K2: =C2 -> 0 | L2: =K2+G2 -> 4.2861884 | M2: =IF(K2>C2,K2-C2,0) -> 0 | N2: =IF(M2=0,0,1) -> 0 | O2: 0 | P2: =MAX(0,C2-H2) -> 0 | Q2: =MAX(0,C2-I2) -> 0 | R2: =MAX(0,C2-J2) -> 0 | S2: =IF(F2="t1",G2,0) -> 4.2861884 | T2: =IF(F2="t2",G2,0) -> 0 | U2: =IF(F2="t3",G2,0) -> 0 | AF2: teller idle time:
A3: 2 | B3: =-LN(1-RAND())/(20/60) -> 0.81049882 | C3: =C2+B3 -> 0.81049882 | D3: =RAND() -> 0.07509725 | E3: =LOOKUP(RAND(),{0,0.4,0.7,0.9},{"DEPOSIT","WITHDRAWAL","INQUIRY","LOAN"}) -> WITHDRAWAL | F3: =IF(C3>MAX(H2,I2,J2),"t1",IF(MIN(H2,I2,J2)=H2,"t1",(IF(MIN(H2,I2,J2)=I2,"t2","t3")))) -> t2 | G3: =IF(E3="DEPOSIT",MAX(1,-5*LN(D3)),IF(E3="WITHDRAWAL",MAX(1,-6*LN(D3)),IF(E3="INQUIRY",MAX(1,-4*LN(D3)),MAX(1,-12*LN(D3))))) -> 15.533828 | H3: =IF(F3="t1",L3,H2) -> 4.2861884 | I3: =IF(F3="t2",L3,I2) -> 16.344327 | J3: =IF(F3="t3",L3,J2) -> 0 | K3: =IF(M3=0,C3,MIN(H2,I2,J2)) -> 0.81049882 | L3: =K3+G3 -> 16.344327 | M3: =IF(C3<MIN(H2,I2,J2),MIN(H2,I2,J2)-C3,0) -> 0 | N3: =IF(M3=0,0,1) -> 0 | O3: =COUNTIFS($C2:C$2,"<="&C3,$L2:L$2,">"&C3) -> 1 | P3: =MAX(0,C3-H3) -> 0 | Q3: =MAX(0,C3-I3) -> 0 | R3: =MAX(0,C3-J3) -> 0.81049882 | S3: =IF(F3="t1",G3,0) -> 0 | T3: =IF(F3="t2",G3,0) -> 15.533828 | U3: =IF(F3="t3",G3,0) -> 0 | AF3: Idle time columns are included for performance analysis purposes.
A4: 3 | B4: =-LN(1-RAND())/(20/60) -> 0.90080806 | C4: =C3+B4 -> 1.7113069 | D4: =RAND() -> 0.97961824 | E4: =LOOKUP(RAND(),{0,0.4,0.7,0.9},{"DEPOSIT","WITHDRAWAL","INQUIRY","LOAN"}) -> DEPOSIT | F4: =IF(C4>MAX(H3,I3,J3),"t1",IF(MIN(H3,I3,J3)=H3,"t1",(IF(MIN(H3,I3,J3)=I3,"t2","t3")))) -> t3 | G4: =IF(E4="DEPOSIT",MAX(1,-5*LN(D4)),IF(E4="WITHDRAWAL",MAX(1,-6*LN(D4)),IF(E4="INQUIRY",MAX(1,-4*LN(D4)),MAX(1,-12*LN(D4))))) -> 1 | H4: =IF(F4="t1",L4,H3) -> 4.2861884 | I4: =IF(F4="t2",L4,I3) -> 16.344327 | J4: =IF(F4="t3",L4,J3) -> 2.7113069 | K4: =IF(M4=0,C4,MIN(H3,I3,J3)) -> 1.7113069 | L4: =K4+G4 -> 2.7113069 | M4: =IF(C4<MIN(H3,I3,J3),MIN(H3,I3,J3)-C4,0) -> 0 | N4: =IF(M4=0,0,1) -> 0 | O4: =COUNTIFS($C$2:C3,"<="&C4,$L$2:L3,">"&C4) -> 2 | P4: =MAX(0,C4-H4) -> 0 | Q4: =MAX(0,C4-I4) -> 0 | R4: =MAX(0,C4-J4) -> 0 | S4: =IF(F4="t1",G4,0) -> 0 | T4: =IF(F4="t2",G4,0) -> 0 | U4: =IF(F4="t3",G4,0) -> 1
A5: 4 | B5: =-LN(1-RAND())/(20/60) -> 0.7676731 | C5: =C4+B5 -> 2.47898 | D5: =RAND() -> 0.072146011 | E5: =LOOKUP(RAND(),{0,0.4,0.7,0.9},{"DEPOSIT","WITHDRAWAL","INQUIRY","LOAN"}) -> LOAN | F5: =IF(C5>MAX(H4,I4,J4),"t1",IF(MIN(H4,I4,J4)=H4,"t1",(IF(MIN(H4,I4,J4)=I4,"t2","t3")))) -> t3 | G5: =IF(E5="DEPOSIT",MAX(1,-5*LN(D5)),IF(E5="WITHDRAWAL",MAX(1,-6*LN(D5)),IF(E5="INQUIRY",MAX(1,-4*LN(D5)),MAX(1,-12*LN(D5))))) -> 31.548759 | H5: =IF(F5="t1",L5,H4) -> 4.2861884 | I5: =IF(F5="t2",L5,I4) -> 16.344327 | J5: =IF(F5="t3",L5,J4) -> 34.260066 | K5: =IF(M5=0,C5,MIN(H4,I4,J4)) -> 2.7113069 | L5: =K5+G5 -> 34.260066 | M5: =IF(C5<MIN(H4,I4,J4),MIN(H4,I4,J4)-C5,0) -> 0.2323269 | N5: =IF(M5=0,0,1) -> 1 | O5: =COUNTIFS($C$2:C4,"<="&C5,$L$2:L4,">"&C5) -> 3 | P5: =MAX(0,C5-H5) -> 0 | Q5: =MAX(0,C5-I5) -> 0 | R5: =MAX(0,C5-J5) -> 0 | S5: =IF(F5="t1",G5,0) -> 0 | T5: =IF(F5="t2",G5,0) -> 0 | U5: =IF(F5="t3",G5,0) -> 31.548759
A6: 5 | B6: =-LN(1-RAND())/(20/60) -> 4.5010105 | C6: =C5+B6 -> 6.9799905 | D6: =RAND() -> 0.48029592 | E6: =LOOKUP(RAND(),{0,0.4,0.7,0.9},{"DEPOSIT","WITHDRAWAL","INQUIRY","LOAN"}) -> INQUIRY | F6: =IF(C6>MAX(H5,I5,J5),"t1",IF(MIN(H5,I5,J5)=H5,"t1",(IF(MIN(H5,I5,J5)=I5,"t2","t3")))) -> t1 | G6: =IF(E6="DEPOSIT",MAX(1,-5*LN(D6)),IF(E6="WITHDRAWAL",MAX(1,-6*LN(D6)),IF(E6="INQUIRY",MAX(1,-4*LN(D6)),MAX(1,-12*LN(D6))))) -> 2.9334115 | H6: =IF(F6="t1",L6,H5) -> 9.913402 | I6: =IF(F6="t2",L6,I5) -> 16.344327 | J6: =IF(F6="t3",L6,J5) -> 34.260066 | K6: =IF(M6=0,C6,MIN(H5,I5,J5)) -> 6.9799905 | L6: =K6+G6 -> 9.913402 | M6: =IF(C6<MIN(H5,I5,J5),MIN(H5,I5,J5)-C6,0) -> 0 | N6: =IF(M6=0,0,1) -> 0 | O6: =COUNTIFS($C$2:C5,"<="&C6,$L$2:L5,">"&C6) -> 2 | P6: =MAX(0,C6-H6) -> 0 | Q6: =MAX(0,C6-I6) -> 0 | R6: =MAX(0,C6-J6) -> 0 | S6: =IF(F6="t1",G6,0) -> 2.9334115 | T6: =IF(F6="t2",G6,0) -> 0 | U6: =IF(F6="t3",G6,0) -> 0 | AF6: q_length_at_arrival:
A7: 6 | B7: =-LN(1-RAND())/(20/60) -> 0.26728656 | C7: =C6+B7 -> 7.247277 | D7: =RAND() -> 0.47677251 | E7: =LOOKUP(RAND(),{0,0.4,0.7,0.9},{"DEPOSIT","WITHDRAWAL","INQUIRY","LOAN"}) -> WITHDRAWAL | F7: =IF(C7>MAX(H6,I6,J6),"t1",IF(MIN(H6,I6,J6)=H6,"t1",(IF(MIN(H6,I6,J6)=I6,"t2","t3")))) -> t1 | G7: =IF(E7="DEPOSIT",MAX(1,-5*LN(D7)),IF(E7="WITHDRAWAL",MAX(1,-6*LN(D7)),IF(E7="INQUIRY",MAX(1,-4*LN(D7)),MAX(1,-12*LN(D7))))) -> 4.444295 | H7: =IF(F7="t1",L7,H6) -> 14.357697 | I7: =IF(F7="t2",L7,I6) -> 16.344327 | J7: =IF(F7="t3",L7,J6) -> 34.260066 | K7: =IF(M7=0,C7,MIN(H6,I6,J6)) -> 9.913402 | L7: =K7+G7 -> 14.357697 | M7: =IF(C7<MIN(H6,I6,J6),MIN(H6,I6,J6)-C7,0) -> 2.6661249 | N7: =IF(M7=0,0,1) -> 1 | O7: =COUNTIFS($C$2:C6,"<="&C7,$L$2:L6,">"&C7) -> 3 | P7: =MAX(0,C7-H7) -> 0 | Q7: =MAX(0,C7-I7) -> 0 | R7: =MAX(0,C7-J7) -> 0 | S7: =IF(F7="t1",G7,0) -> 4.444295 | T7: =IF(F7="t2",G7,0) -> 0 | U7: =IF(F7="t3",G7,0) -> 0 | AF7: “Number of customers waiting in queue (excluding the one in service).”
A8: 7 | B8: =-LN(1-RAND())/(20/60) -> 1.4967364 | C8: =C7+B8 -> 8.7440134 | D8: =RAND() -> 0.82029259 | E8: =LOOKUP(RAND(),{0,0.4,0.7,0.9},{"DEPOSIT","WITHDRAWAL","INQUIRY","LOAN"}) -> INQUIRY | F8: =IF(C8>MAX(H7,I7,J7),"t1",IF(MIN(H7,I7,J7)=H7,"t1",(IF(MIN(H7,I7,J7)=I7,"t2","t3")))) -> t1 | G8: =IF(E8="DEPOSIT",MAX(1,-5*LN(D8)),IF(E8="WITHDRAWAL",MAX(1,-6*LN(D8)),IF(E8="INQUIRY",MAX(1,-4*LN(D8)),MAX(1,-12*LN(D8))))) -> 1 | H8: =IF(F8="t1",L8,H7) -> 15.357697 | I8: =IF(F8="t2",L8,I7) -> 16.344327 | J8: =IF(F8="t3",L8,J7) -> 34.260066 | K8: =IF(M8=0,C8,MIN(H7,I7,J7)) -> 14.357697 | L8: =K8+G8 -> 15.357697 | M8: =IF(C8<MIN(H7,I7,J7),MIN(H7,I7,J7)-C8,0) -> 5.6136835 | N8: =IF(M8=0,0,1) -> 1 | O8: =COUNTIFS($C$2:C7,"<="&C8,$L$2:L7,">"&C8) -> 4 | P8: =MAX(0,C8-H8) -> 0 | Q8: =MAX(0,C8-I8) -> 0 | R8: =MAX(0,C8-J8) -> 0 | S8: =IF(F8="t1",G8,0) -> 1 | T8: =IF(F8="t2",G8,0) -> 0 | U8: =IF(F8="t3",G8,0) -> 0
A9: 8 | B9: =-LN(1-RAND())/(20/60) -> 1.9723082 | C9: =C8+B9 -> 10.716322 | D9: =RAND() -> 0.67746253 | E9: =LOOKUP(RAND(),{0,0.4,0.7,0.9},{"DEPOSIT","WITHDRAWAL","INQUIRY","LOAN"}) -> WITHDRAWAL | F9: =IF(C9>MAX(H8,I8,J8),"t1",IF(MIN(H8,I8,J8)=H8,"t1",(IF(MIN(H8,I8,J8)=I8,"t2","t3")))) -> t1 | G9: =IF(E9="DEPOSIT",MAX(1,-5*LN(D9)),IF(E9="WITHDRAWAL",MAX(1,-6*LN(D9)),IF(E9="INQUIRY",MAX(1,-4*LN(D9)),MAX(1,-12*LN(D9))))) -> 2.3364062 | H9: =IF(F9="t1",L9,H8) -> 17.694103 | I9: =IF(F9="t2",L9,I8) -> 16.344327 | J9: =IF(F9="t3",L9,J8) -> 34.260066 | K9: =IF(M9=0,C9,MIN(H8,I8,J8)) -> 15.357697 | L9: =K9+G9 -> 17.694103 | M9: =IF(C9<MIN(H8,I8,J8),MIN(H8,I8,J8)-C9,0) -> 4.6413753 | N9: =IF(M9=0,0,1) -> 1 | O9: =COUNTIFS($C$2:C8,"<="&C9,$L$2:L8,">"&C9) -> 4 | P9: =MAX(0,C9-H9) -> 0 | Q9: =MAX(0,C9-I9) -> 0 | R9: =MAX(0,C9-J9) -> 0 | S9: =IF(F9="t1",G9,0) -> 2.3364062 | T9: =IF(F9="t2",G9,0) -> 0 | U9: =IF(F9="t3",G9,0) -> 0
A10: 9 | B10: =-LN(1-RAND())/(20/60) -> 0.625172 | C10: =C9+B10 -> 11.341494 | D10: =RAND() -> 0.049355899 | E10: =LOOKUP(RAND(),{0,0.4,0.7,0.9},{"DEPOSIT","WITHDRAWAL","INQUIRY","LOAN"}) -> WITHDRAWAL | F10: =IF(C10>MAX(H9,I9,J9),"t1",IF(MIN(H9,I9,J9)=H9,"t1",(IF(MIN(H9,I9,J9)=I9,"t2","t3")))) -> t2 | G10: =IF(E10="DEPOSIT",MAX(1,-5*LN(D10)),IF(E10="WITHDRAWAL",MAX(1,-6*LN(D10)),IF(E10="INQUIRY",MAX(1,-4*LN(D10)),MAX(1,-12*LN(D10))))) -> 18.052188 | H10: =IF(F10="t1",L10,H9) -> 17.694103 | I10: =IF(F10="t2",L10,I9) -> 34.396515 | J10: =IF(F10="t3",L10,J9) -> 34.260066 | K10: =IF(M10=0,C10,MIN(H9,I9,J9)) -> 16.344327 | L10: =K10+G10 -> 34.396515 | M10: =IF(C10<MIN(H9,I9,J9),MIN(H9,I9,J9)-C10,0) -> 5.0028332 | N10: =IF(M10=0,0,1) -> 1 | O10: =COUNTIFS($C$2:C9,"<="&C10,$L$2:L9,">"&C10) -> 5 | P10: =MAX(0,C10-H10) -> 0 | Q10: =MAX(0,C10-I10) -> 0 | R10: =MAX(0,C10-J10) -> 0 | S10: =IF(F10="t1",G10,0) -> 0 | T10: =IF(F10="t2",G10,0) -> 18.052188 | U10: =IF(F10="t3",G10,0) -> 0
A11: 10 | B11: =-LN(1-RAND())/(20/60) -> 0.79359701 | C11: =C10+B11 -> 12.135091 | D11: =RAND() -> 0.78878943 | E11: =LOOKUP(RAND(),{0,0.4,0.7,0.9},{"DEPOSIT","WITHDRAWAL","INQUIRY","LOAN"}) -> INQUIRY | F11: =IF(C11>MAX(H10,I10,J10),"t1",IF(MIN(H10,I10,J10)=H10,"t1",(IF(MIN(H10,I10,J10)=I10,"t2","t3")))) -> t1 | G11: =IF(E11="DEPOSIT",MAX(1,-5*LN(D11)),IF(E11="WITHDRAWAL",MAX(1,-6*LN(D11)),IF(E11="INQUIRY",MAX(1,-4*LN(D11)),MAX(1,-12*LN(D11))))) -> 1 | H11: =IF(F11="t1",L11,H10) -> 18.694103 | I11: =IF(F11="t2",L11,I10) -> 34.396515 | J11: =IF(F11="t3",L11,J10) -> 34.260066 | K11: =IF(M11=0,C11,MIN(H10,I10,J10)) -> 17.694103 | L11: =K11+G11 -> 18.694103 | M11: =IF(C11<MIN(H10,I10,J10),MIN(H10,I10,J10)-C11,0) -> 5.5590125 | N11: =IF(M11=0,0,1) -> 1 | O11: =COUNTIFS($C$2:C10,"<="&C11,$L$2:L10,">"&C11) -> 6 | P11: =MAX(0,C11-H11) -> 0 | Q11: =MAX(0,C11-I11) -> 0 | R11: =MAX(0,C11-J11) -> 0 | S11: =IF(F11="t1",G11,0) -> 1 | T11: =IF(F11="t2",G11,0) -> 0 | U11: =IF(F11="t3",G11,0) -> 0
A12: 11 | B12: =-LN(1-RAND())/(20/60) -> 4.5629108 | C12: =C11+B12 -> 16.698001 | D12: =RAND() -> 0.27547054 | E12: =LOOKUP(RAND(),{0,0.4,0.7,0.9},{"DEPOSIT","WITHDRAWAL","INQUIRY","LOAN"}) -> LOAN | F12: =IF(C12>MAX(H11,I11,J11),"t1",IF(MIN(H11,I11,J11)=H11,"t1",(IF(MIN(H11,I11,J11)=I11,"t2","t3")))) -> t1 | G12: =IF(E12="DEPOSIT",MAX(1,-5*LN(D12)),IF(E12="WITHDRAWAL",MAX(1,-6*LN(D12)),IF(E12="INQUIRY",MAX(1,-4*LN(D12)),MAX(1,-12*LN(D12))))) -> 15.471295 | H12: =IF(F12="t1",L12,H11) -> 34.165398 | I12: =IF(F12="t2",L12,I11) -> 34.396515 | J12: =IF(F12="t3",L12,J11) -> 34.260066 | K12: =IF(M12=0,C12,MIN(H11,I11,J11)) -> 18.694103 | L12: =K12+G12 -> 34.165398 | M12: =IF(C12<MIN(H11,I11,J11),MIN(H11,I11,J11)-C12,0) -> 1.9961016 | N12: =IF(M12=0,0,1) -> 1 | O12: =COUNTIFS($C$2:C11,"<="&C12,$L$2:L11,">"&C12) -> 4 | P12: =MAX(0,C12-H12) -> 0 | Q12: =MAX(0,C12-I12) -> 0 | R12: =MAX(0,C12-J12) -> 0 | S12: =IF(F12="t1",G12,0) -> 15.471295 | T12: =IF(F12="t2",G12,0) -> 0 | U12: =IF(F12="t3",G12,0) -> 0
A13: 12 | B13: =-LN(1-RAND())/(20/60) -> 0.23635679 | C13: =C12+B13 -> 16.934358 | D13: =RAND() -> 0.75134354 | E13: =LOOKUP(RAND(),{0,0.4,0.7,0.9},{"DEPOSIT","WITHDRAWAL","INQUIRY","LOAN"}) -> DEPOSIT | F13: =IF(C13>MAX(H12,I12,J12),"t1",IF(MIN(H12,I12,J12)=H12,"t1",(IF(MIN(H12,I12,J12)=I12,"t2","t3")))) -> t1 | G13: =IF(E13="DEPOSIT",MAX(1,-5*LN(D13)),IF(E13="WITHDRAWAL",MAX(1,-6*LN(D13)),IF(E13="INQUIRY",MAX(1,-4*LN(D13)),MAX(1,-12*LN(D13))))) -> 1.4294614 | H13: =IF(F13="t1",L13,H12) -> 35.59486 | I13: =IF(F13="t2",L13,I12) -> 34.396515 | J13: =IF(F13="t3",L13,J12) -> 34.260066 | K13: =IF(M13=0,C13,MIN(H12,I12,J12)) -> 34.165398 | L13: =K13+G13 -> 35.59486 | M13: =IF(C13<MIN(H12,I12,J12),MIN(H12,I12,J12)-C13,0) -> 17.23104 | N13: =IF(M13=0,0,1) -> 1 | O13: =COUNTIFS($C$2:C12,"<="&C13,$L$2:L12,">"&C13) -> 5 | P13: =MAX(0,C13-H13) -> 0 | Q13: =MAX(0,C13-I13) -> 0 | R13: =MAX(0,C13-J13) -> 0 | S13: =IF(F13="t1",G13,0) -> 1.4294614 | T13: =IF(F13="t2",G13,0) -> 0 | U13: =IF(F13="t3",G13,0) -> 0
A14: 13 | B14: =-LN(1-RAND())/(20/60) -> 0.71110205 | C14: =C13+B14 -> 17.64546 | D14: =RAND() -> 0.57896982 | E14: =LOOKUP(RAND(),{0,0.4,0.7,0.9},{"DEPOSIT","WITHDRAWAL","INQUIRY","LOAN"}) -> DEPOSIT | F14: =IF(C14>MAX(H13,I13,J13),"t1",IF(MIN(H13,I13,J13)=H13,"t1",(IF(MIN(H13,I13,J13)=I13,"t2","t3")))) -> t3 | G14: =IF(E14="DEPOSIT",MAX(1,-5*LN(D14)),IF(E14="WITHDRAWAL",MAX(1,-6*LN(D14)),IF(E14="INQUIRY",MAX(1,-4*LN(D14)),MAX(1,-12*LN(D14))))) -> 2.7325246 | H14: =IF(F14="t1",L14,H13) -> 35.59486 | I14: =IF(F14="t2",L14,I13) -> 34.396515 | J14: =IF(F14="t3",L14,J13) -> 36.992591 | K14: =IF(M14=0,C14,MIN(H13,I13,J13)) -> 34.260066 | L14: =K14+G14 -> 36.992591 | M14: =IF(C14<MIN(H13,I13,J13),MIN(H13,I13,J13)-C14,0) -> 16.614606 | N14: =IF(M14=0,0,1) -> 1 | O14: =COUNTIFS($C$2:C13,"<="&C14,$L$2:L13,">"&C14) -> 6 | P14: =MAX(0,C14-H14) -> 0 | Q14: =MAX(0,C14-I14) -> 0 | R14: =MAX(0,C14-J14) -> 0 | S14: =IF(F14="t1",G14,0) -> 0 | T14: =IF(F14="t2",G14,0) -> 0 | U14: =IF(F14="t3",G14,0) -> 2.7325246
A15: 14 | B15: =-LN(1-RAND())/(20/60) -> 4.7048579 | C15: =C14+B15 -> 22.350318 | D15: =RAND() -> 0.29614039 | E15: =LOOKUP(RAND(),{0,0.4,0.7,0.9},{"DEPOSIT","WITHDRAWAL","INQUIRY","LOAN"}) -> DEPOSIT | F15: =IF(C15>MAX(H14,I14,J14),"t1",IF(MIN(H14,I14,J14)=H14,"t1",(IF(MIN(H14,I14,J14)=I14,"t2","t3")))) -> t2 | G15: =IF(E15="DEPOSIT",MAX(1,-5*LN(D15)),IF(E15="WITHDRAWAL",MAX(1,-6*LN(D15)),IF(E15="INQUIRY",MAX(1,-4*LN(D15)),MAX(1,-12*LN(D15))))) -> 6.0846082 | H15: =IF(F15="t1",L15,H14) -> 35.59486 | I15: =IF(F15="t2",L15,I14) -> 40.481123 | J15: =IF(F15="t3",L15,J14) -> 36.992591 | K15: =IF(M15=0,C15,MIN(H14,I14,J14)) -> 34.396515 | L15: =K15+G15 -> 40.481123 | M15: =IF(C15<MIN(H14,I14,J14),MIN(H14,I14,J14)-C15,0) -> 12.046196 | N15: =IF(M15=0,0,1) -> 1 | O15: =COUNTIFS($C$2:C14,"<="&C15,$L$2:L14,">"&C15) -> 5 | P15: =MAX(0,C15-H15) -> 0 | Q15: =MAX(0,C15-I15) -> 0 | R15: =MAX(0,C15-J15) -> 0 | S15: =IF(F15="t1",G15,0) -> 0 | T15: =IF(F15="t2",G15,0) -> 6.0846082 | U15: =IF(F15="t3",G15,0) -> 0
A16: 15 | B16: =-LN(1-RAND())/(20/60) -> 1.689558 | C16: =C15+B16 -> 24.039876 | D16: =RAND() -> 0.59778967 | E16: =LOOKUP(RAND(),{0,0.4,0.7,0.9},{"DEPOSIT","WITHDRAWAL","INQUIRY","LOAN"}) -> DEPOSIT | F16: =IF(C16>MAX(H15,I15,J15),"t1",IF(MIN(H15,I15,J15)=H15,"t1",(IF(MIN(H15,I15,J15)=I15,"t2","t3")))) -> t1 | G16: =IF(E16="DEPOSIT",MAX(1,-5*LN(D16)),IF(E16="WITHDRAWAL",MAX(1,-6*LN(D16)),IF(E16="INQUIRY",MAX(1,-4*LN(D16)),MAX(1,-12*LN(D16))))) -> 2.5725815 | H16: =IF(F16="t1",L16,H15) -> 38.167441 | I16: =IF(F16="t2",L16,I15) -> 40.481123 | J16: =IF(F16="t3",L16,J15) -> 36.992591 | K16: =IF(M16=0,C16,MIN(H15,I15,J15)) -> 35.59486 | L16: =K16+G16 -> 38.167441 | M16: =IF(C16<MIN(H15,I15,J15),MIN(H15,I15,J15)-C16,0) -> 11.554983 | N16: =IF(M16=0,0,1) -> 1 | O16: =COUNTIFS($C$2:C15,"<="&C16,$L$2:L15,">"&C16) -> 6 | P16: =MAX(0,C16-H16) -> 0 | Q16: =MAX(0,C16-I16) -> 0 | R16: =MAX(0,C16-J16) -> 0 | S16: =IF(F16="t1",G16,0) -> 2.5725815 | T16: =IF(F16="t2",G16,0) -> 0 | U16: =IF(F16="t3",G16,0) -> 0
A17: 16 | B17: =-LN(1-RAND())/(20/60) -> 2.8515165 | C17: =C16+B17 -> 26.891393 | D17: =RAND() -> 0.99411668 | E17: =LOOKUP(RAND(),{0,0.4,0.7,0.9},{"DEPOSIT","WITHDRAWAL","INQUIRY","LOAN"}) -> WITHDRAWAL | F17: =IF(C17>MAX(H16,I16,J16),"t1",IF(MIN(H16,I16,J16)=H16,"t1",(IF(MIN(H16,I16,J16)=I16,"t2","t3")))) -> t3 | G17: =IF(E17="DEPOSIT",MAX(1,-5*LN(D17)),IF(E17="WITHDRAWAL",MAX(1,-6*LN(D17)),IF(E17="INQUIRY",MAX(1,-4*LN(D17)),MAX(1,-12*LN(D17))))) -> 1 | H17: =IF(F17="t1",L17,H16) -> 38.167441 | I17: =IF(F17="t2",L17,I16) -> 40.481123 | J17: =IF(F17="t3",L17,J16) -> 37.992591 | K17: =IF(M17=0,C17,MIN(H16,I16,J16)) -> 36.992591 | L17: =K17+G17 -> 37.992591 | M17: =IF(C17<MIN(H16,I16,J16),MIN(H16,I16,J16)-C17,0) -> 10.101198 | N17: =IF(M17=0,0,1) -> 1 | O17: =COUNTIFS($C$2:C16,"<="&C17,$L$2:L16,">"&C17) -> 7 | P17: =MAX(0,C17-H17) -> 0 | Q17: =MAX(0,C17-I17) -> 0 | R17: =MAX(0,C17-J17) -> 0 | S17: =IF(F17="t1",G17,0) -> 0 | T17: =IF(F17="t2",G17,0) -> 0 | U17: =IF(F17="t3",G17,0) -> 1
A18: 17 | B18: =-LN(1-RAND())/(20/60) -> 2.1696423 | C18: =C17+B18 -> 29.061035 | D18: =RAND() -> 0.47520596 | E18: =LOOKUP(RAND(),{0,0.4,0.7,0.9},{"DEPOSIT","WITHDRAWAL","INQUIRY","LOAN"}) -> DEPOSIT | F18: =IF(C18>MAX(H17,I17,J17),"t1",IF(MIN(H17,I17,J17)=H17,"t1",(IF(MIN(H17,I17,J17)=I17,"t2","t3")))) -> t3 | G18: =IF(E18="DEPOSIT",MAX(1,-5*LN(D18)),IF(E18="WITHDRAWAL",MAX(1,-6*LN(D18)),IF(E18="INQUIRY",MAX(1,-4*LN(D18)),MAX(1,-12*LN(D18))))) -> 3.7200349 | H18: =IF(F18="t1",L18,H17) -> 38.167441 | I18: =IF(F18="t2",L18,I17) -> 40.481123 | J18: =IF(F18="t3",L18,J17) -> 41.712626 | K18: =IF(M18=0,C18,MIN(H17,I17,J17)) -> 37.992591 | L18: =K18+G18 -> 41.712626 | M18: =IF(C18<MIN(H17,I17,J17),MIN(H17,I17,J17)-C18,0) -> 8.9315557 | N18: =IF(M18=0,0,1) -> 1 | O18: =COUNTIFS($C$2:C17,"<="&C18,$L$2:L17,">"&C18) -> 8 | P18: =MAX(0,C18-H18) -> 0 | Q18: =MAX(0,C18-I18) -> 0 | R18: =MAX(0,C18-J18) -> 0 | S18: =IF(F18="t1",G18,0) -> 0 | T18: =IF(F18="t2",G18,0) -> 0 | U18: =IF(F18="t3",G18,0) -> 3.7200349
A19: 18 | B19: =-LN(1-RAND())/(20/60) -> 0.23836698 | C19: =C18+B19 -> 29.299402 | D19: =RAND() -> 0.31112077 | E19: =LOOKUP(RAND(),{0,0.4,0.7,0.9},{"DEPOSIT","WITHDRAWAL","INQUIRY","LOAN"}) -> WITHDRAWAL | F19: =IF(C19>MAX(H18,I18,J18),"t1",IF(MIN(H18,I18,J18)=H18,"t1",(IF(MIN(H18,I18,J18)=I18,"t2","t3")))) -> t1 | G19: =IF(E19="DEPOSIT",MAX(1,-5*LN(D19)),IF(E19="WITHDRAWAL",MAX(1,-6*LN(D19)),IF(E19="INQUIRY",MAX(1,-4*LN(D19)),MAX(1,-12*LN(D19))))) -> 7.0054447 | H19: =IF(F19="t1",L19,H18) -> 45.172886 | I19: =IF(F19="t2",L19,I18) -> 40.481123 | J19: =IF(F19="t3",L19,J18) -> 41.712626 | K19: =IF(M19=0,C19,MIN(H18,I18,J18)) -> 38.167441 | L19: =K19+G19 -> 45.172886 | M19: =IF(C19<MIN(H18,I18,J18),MIN(H18,I18,J18)-C19,0) -> 8.868039 | N19: =IF(M19=0,0,1) -> 1 | O19: =COUNTIFS($C$2:C18,"<="&C19,$L$2:L18,">"&C19) -> 9 | P19: =MAX(0,C19-H19) -> 0 | Q19: =MAX(0,C19-I19) -> 0 | R19: =MAX(0,C19-J19) -> 0 | S19: =IF(F19="t1",G19,0) -> 7.0054447 | T19: =IF(F19="t2",G19,0) -> 0 | U19: =IF(F19="t3",G19,0) -> 0
... A161: 160 | B161: =-LN(1-RAND())/(20/60) -> 3.6663288 | C161: =C160+B161 -> 412.92888 | D161: =RAND() -> 0.18412037 | E161: =LOOKUP(RAND(),{0,0.4,0.7,0.9},{"DEPOSIT","WITHDRAWAL","INQUIRY","LOAN"}) -> INQUIRY | F161: =IF(C161>MAX(H160,I160,J160),"t1",IF(MIN(H160,I160,J160)=H160,"t1",(IF(MIN(H160,I160,J160)=I160,"t2","t3")))) -> t2 | G161: =IF(E161="DEPOSIT",MAX(1,-5*LN(D161)),IF(E161="WITHDRAWAL",MAX(1,-6*LN(D161)),IF(E161="INQUIRY",MAX(1,-4*LN(D161)),MAX(1,-12*LN(D161))))) -> 6.7686622 | H161: =IF(F161="t1",L161,H160) -> 415.95224 | I161: =IF(F161="t2",L161,I160) -> 419.69754 | J161: =IF(F161="t3",L161,J160) -> 412.41263 | K161: =IF(M161=0,C161,MIN(H160,I160,J160)) -> 412.92888 | L161: =K161+G161 -> 419.69754 | M161: =IF(C161<MIN(H160,I160,J160),MIN(H160,I160,J160)-C161,0) -> 0 | N161: =IF(M161=0,0,1) -> 0 | O161: =COUNTIFS($C$2:C160,"<="&C161,$L$2:L160,">"&C161) -> 1 | P161: =MAX(0,C161-H161) -> 0 | Q161: =MAX(0,C161-I161) -> 0 | R161: =MAX(0,C161-J161) -> 0.5162504 | S161: =IF(F161="t1",G161,0) -> 0 | T161: =IF(F161="t2",G161,0) -> 6.7686622 | U161: =IF(F161="t3",G161,0) -> 0
B162: =SUM(B2:B161) -> 412.92888 | G162: =SUM(G2:G161) -> 949.76842 | M162: =SUM(M2:M161) -> 391.92164 | N162: =SUM(N2:N161) -> 78 | S162: =SUM(S2:S161) -> 325.03177 | T162: =SUM(T2:T161) -> 331.28439 | U162: =SUM(U2:U161) -> 293.45226 | V162: sum
B163: =B162/160 -> 2.5808055 | G163: =G162/160 -> 5.9360526 | M163: =M162/L161 -> 0.93381924 | N163: =N162/160 -> 0.4875 | S163: =S162/L161 -> 0.77444288 | T163: =T162/L161 -> 0.78934078 | U163: =U162/L161 -> 0.69919937 | V163: avg
M164: =MAX(M2:M161) -> 17.23104 | V164: max
S165: =S162/L161 -> 0.77444288 | T165: =T162/L161 -> 0.78934078 | U165: =U162/L161 -> 0.69919937 | V165: utilization_tellers

Sheet Scenario_A
A1: customer_id | B1: interarrival_time | C1: arrival_time | D1: random_number_service | E1: service_type | F1: assigned_teller | G1: service_time | H1: teller1_available_time | I1: teller2_available_time | J1: teller3_available_time | K1: teller4_available_time | L1: service_start_time | M1: service_end_time | N1: waiting_time | O1: wait(0,1) | P1: queue_length | Q1: teller1_idle | R1: teller2_idle | S1: teller3_idle | T1: teller4_idle | U1: teller1_busy | V1: teller2_busy | W1: teller3_busy | X1: teller4_busy
A2: 1 | B2: 0 | C2: 0 | D2: =RAND() -> 0.29366408 | E2: =LOOKUP(RAND(),{0,0.4,0.7,0.9},{"DEPOSIT","WITHDRAWAL","INQUIRY","LOAN"}) -> DEPOSIT | F2: t1 | G2: =IF(E2="DEPOSIT",MAX(1,-5*LN(D2)),IF(E2="WITHDRAWAL",MAX(1,-6*LN(D2)),IF(E2="INQUIRY",MAX(1,-4*LN(D2)),MAX(1,-12*LN(D2))))) -> 6.1265938 | H2: =M2 -> 6.1265938 | I2: 0 | J2: 0 | K2: 0 | L2: =C2 -> 0 | M2: =L2+G2 -> 6.1265938 | N2: =IF(C2<MIN(H1,I1,J1),MIN(H1,I1,J1)-C2,0) -> 0 | O2: =IF(N2=0,0,1) -> 0 | P2: =COUNTIFS($C1:C$2,"<="&C2,$M1:M$2,">"&C2) -> 1 | Q2: =MAX(0,C2-H2) -> 0 | R2: =MAX(0,C2-I2) -> 0 | S2: =MAX(0,C2-J2) -> 0 | T2: =MAX(0,C2-K2) -> 0 | U2: =IF(F2="t1",G2,0) -> 6.1265938 | V2: =IF(F2="t2",G2,0) -> 0 | W2: =IF(F2="t3",G2,0) -> 0 | X2: =IF(F2="t4",G2,0) -> 0
A3: 2 | B3: =-LN(1-RAND())/(20/60) -> 15.766976 | C3: =C2+B3 -> 15.766976 | D3: =RAND() -> 0.46020139 | E3: =LOOKUP(RAND(),{0,0.4,0.7,0.9},{"DEPOSIT","WITHDRAWAL","INQUIRY","LOAN"}) -> WITHDRAWAL | F3: =IF(C3>MAX(H2,I2,J2,K2),"t1",IF(MIN(H2,I2,J2,K2)=H2,"t1",(IF(MIN(H2,I2,J2,K2)=I2,"t2",IF(MIN(H2,I2,J2,K2)=J2,"t3","t4"))))) -> t1 | G3: =IF(E3="DEPOSIT",MAX(1,-5*LN(D3)),IF(E3="WITHDRAWAL",MAX(1,-6*LN(D3)),IF(E3="INQUIRY",MAX(1,-4*LN(D3)),MAX(1,-12*LN(D3))))) -> 4.6565464 | H3: =IF(F3="t1",M3,H2) -> 20.423522 | I3: =IF(F3="t2",M3,I2) -> 0 | J3: =IF(F3="t3",M3,J2) -> 0 | K3: =IF(F3="t4",M3,K2) -> 0 | L3: =IF(N3=0,C3,MIN(H2,I2,J2,K2)) -> 15.766976 | M3: =L3+G3 -> 20.423522 | N3: =IF(C3<MIN(H2,I2,J2),MIN(H2,I2,J2)-C3,0) -> 0 | O3: =IF(N3=0,0,1) -> 0 | P3: =COUNTIFS($C2:C$2,"<="&C3,$M2:M$2,">"&C3) -> 0 | Q3: =MAX(0,C3-H3) -> 0 | R3: =MAX(0,C3-I3) -> 15.766976 | S3: =MAX(0,C3-J3) -> 15.766976 | T3: =MAX(0,C3-K3) -> 15.766976 | U3: =IF(F3="t1",G3,0) -> 4.6565464 | V3: =IF(F3="t2",G3,0) -> 0 | W3: =IF(F3="t3",G3,0) -> 0 | X3: =IF(F3="t4",G3,0) -> 0
A4: 3 | B4: =-LN(1-RAND())/(20/60) -> 4.2642729 | C4: =C3+B4 -> 20.031249 | D4: =RAND() -> 0.94534603 | E4: =LOOKUP(RAND(),{0,0.4,0.7,0.9},{"DEPOSIT","WITHDRAWAL","INQUIRY","LOAN"}) -> DEPOSIT | F4: =IF(C4>MAX(H3,I3,J3,K3),"t1",IF(MIN(H3,I3,J3,K3)=H3,"t1",(IF(MIN(H3,I3,J3,K3)=I3,"t2",IF(MIN(H3,I3,J3,K3)=J3,"t3","t4"))))) -> t2 | G4: =IF(E4="DEPOSIT",MAX(1,-5*LN(D4)),IF(E4="WITHDRAWAL",MAX(1,-6*LN(D4)),IF(E4="INQUIRY",MAX(1,-4*LN(D4)),MAX(1,-12*LN(D4))))) -> 1 | H4: =IF(F4="t1",M4,H3) -> 20.423522 | I4: =IF(F4="t2",M4,I3) -> 21.031249 | J4: =IF(F4="t3",M4,J3) -> 0 | K4: =IF(F4="t4",M4,K3) -> 0 | L4: =IF(N4=0,C4,MIN(H3,I3,J3,K3)) -> 20.031249 | M4: =L4+G4 -> 21.031249 | N4: =IF(C4<MIN(H3,I3,J3),MIN(H3,I3,J3)-C4,0) -> 0 | O4: =IF(N4=0,0,1) -> 0 | P4: =COUNTIFS($C$2:C3,"<="&C4,$M$2:M3,">"&C4) -> 1 | Q4: =MAX(0,C4-H4) -> 0 | R4: =MAX(0,C4-I4) -> 0 | S4: =MAX(0,C4-J4) -> 20.031249 | T4: =MAX(0,C4-K4) -> 20.031249 | U4: =IF(F4="t1",G4,0) -> 0 | V4: =IF(F4="t2",G4,0) -> 1 | W4: =IF(F4="t3",G4,0) -> 0 | X4: =IF(F4="t4",G4,0) -> 0
A5: 4 | B5: =-LN(1-RAND())/(20/60) -> 2.0898476 | C5: =C4+B5 -> 22.121096 | D5: =RAND() -> 0.045936922 | E5: =LOOKUP(RAND(),{0,0.4,0.7,0.9},{"DEPOSIT","WITHDRAWAL","INQUIRY","LOAN"}) -> WITHDRAWAL | F5: =IF(C5>MAX(H4,I4,J4,K4),"t1",IF(MIN(H4,I4,J4,K4)=H4,"t1",(IF(MIN(H4,I4,J4,K4)=I4,"t2",IF(MIN(H4,I4,J4,K4)=J4,"t3","t4"))))) -> t1 | G5: =IF(E5="DEPOSIT",MAX(1,-5*LN(D5)),IF(E5="WITHDRAWAL",MAX(1,-6*LN(D5)),IF(E5="INQUIRY",MAX(1,-4*LN(D5)),MAX(1,-12*LN(D5))))) -> 18.482916 | H5: =IF(F5="t1",M5,H4) -> 40.604013 | I5: =IF(F5="t2",M5,I4) -> 21.031249 | J5: =IF(F5="t3",M5,J4) -> 0 | K5: =IF(F5="t4",M5,K4) -> 0 | L5: =IF(N5=0,C5,MIN(H4,I4,J4,K4)) -> 22.121096 | M5: =L5+G5 -> 40.604013 | N5: =IF(C5<MIN(H4,I4,J4),MIN(H4,I4,J4)-C5,0) -> 0 | O5: =IF(N5=0,0,1) -> 0 | P5: =COUNTIFS($C$2:C4,"<="&C5,$M$2:M4,">"&C5) -> 0 | Q5: =MAX(0,C5-H5) -> 0 | R5: =MAX(0,C5-I5) -> 1.0898476 | S5: =MAX(0,C5-J5) -> 22.121096 | T5: =MAX(0,C5-K5) -> 22.121096 | U5: =IF(F5="t1",G5,0) -> 18.482916 | V5: =IF(F5="t2",G5,0) -> 0 | W5: =IF(F5="t3",G5,0) -> 0 | X5: =IF(F5="t4",G5,0) -> 0
A6: 5 | B6: =-LN(1-RAND())/(20/60) -> 3.2305747 | C6: =C5+B6 -> 25.351671 | D6: =RAND() -> 0.59565945 | E6: =LOOKUP(RAND(),{0,0.4,0.7,0.9},{"DEPOSIT","WITHDRAWAL","INQUIRY","LOAN"}) -> DEPOSIT | F6: =IF(C6>MAX(H5,I5,J5,K5),"t1",IF(MIN(H5,I5,J5,K5)=H5,"t1",(IF(MIN(H5,I5,J5,K5)=I5,"t2",IF(MIN(H5,I5,J5,K5)=J5,"t3","t4"))))) -> t3 | G6: =IF(E6="DEPOSIT",MAX(1,-5*LN(D6)),IF(E6="WITHDRAWAL",MAX(1,-6*LN(D6)),IF(E6="INQUIRY",MAX(1,-4*LN(D6)),MAX(1,-12*LN(D6))))) -> 2.5904309 | H6: =IF(F6="t1",M6,H5) -> 40.604013 | I6: =IF(F6="t2",M6,I5) -> 21.031249 | J6: =IF(F6="t3",M6,J5) -> 27.942102 | K6: =IF(F6="t4",M6,K5) -> 0 | L6: =IF(N6=0,C6,MIN(H5,I5,J5,K5)) -> 25.351671 | M6: =L6+G6 -> 27.942102 | N6: =IF(C6<MIN(H5,I5,J5),MIN(H5,I5,J5)-C6,0) -> 0 | O6: =IF(N6=0,0,1) -> 0 | P6: =COUNTIFS($C$2:C5,"<="&C6,$M$2:M5,">"&C6) -> 1 | Q6: =MAX(0,C6-H6) -> 0 | R6: =MAX(0,C6-I6) -> 4.3204223 | S6: =MAX(0,C6-J6) -> 0 | T6: =MAX(0,C6-K6) -> 25.351671 | U6: =IF(F6="t1",G6,0) -> 0 | V6: =IF(F6="t2",G6,0) -> 0 | W6: =IF(F6="t3",G6,0) -> 2.5904309 | X6: =IF(F6="t4",G6,0) -> 0
A7: 6 | B7: =-LN(1-RAND())/(20/60) -> 1.7439059 | C7: =C6+B7 -> 27.095577 | D7: =RAND() -> 0.88826667 | E7: =LOOKUP(RAND(),{0,0.4,0.7,0.9},{"DEPOSIT","WITHDRAWAL","INQUIRY","LOAN"}) -> LOAN | F7: =IF(C7>MAX(H6,I6,J6,K6),"t1",IF(MIN(H6,I6,J6,K6)=H6,"t1",(IF(MIN(H6,I6,J6,K6)=I6,"t2",IF(MIN(H6,I6,J6,K6)=J6,"t3","t4"))))) -> t4 | G7: =IF(E7="DEPOSIT",MAX(1,-5*LN(D7)),IF(E7="WITHDRAWAL",MAX(1,-6*LN(D7)),IF(E7="INQUIRY",MAX(1,-4*LN(D7)),MAX(1,-12*LN(D7))))) -> 1.4217993 | H7: =IF(F7="t1",M7,H6) -> 40.604013 | I7: =IF(F7="t2",M7,I6) -> 21.031249 | J7: =IF(F7="t3",M7,J6) -> 27.942102 | K7: =IF(F7="t4",M7,K6) -> 28.517376 | L7: =IF(N7=0,C7,MIN(H6,I6,J6,K6)) -> 27.095577 | M7: =L7+G7 -> 28.517376 | N7: =IF(C7<MIN(H6,I6,J6),MIN(H6,I6,J6)-C7,0) -> 0 | O7: =IF(N7=0,0,1) -> 0 | P7: =COUNTIFS($C$2:C6,"<="&C7,$M$2:M6,">"&C7) -> 2 | Q7: =MAX(0,C7-H7) -> 0 | R7: =MAX(0,C7-I7) -> 6.0643282 | S7: =MAX(0,C7-J7) -> 0 | T7: =MAX(0,C7-K7) -> 0 | U7: =IF(F7="t1",G7,0) -> 0 | V7: =IF(F7="t2",G7,0) -> 0 | W7: =IF(F7="t3",G7,0) -> 0 | X7: =IF(F7="t4",G7,0) -> 1.4217993
A8: 7 | B8: =-LN(1-RAND())/(20/60) -> 0.41479502 | C8: =C7+B8 -> 27.510372 | D8: =RAND() -> 0.21904325 | E8: =LOOKUP(RAND(),{0,0.4,0.7,0.9},{"DEPOSIT","WITHDRAWAL","INQUIRY","LOAN"}) -> LOAN | F8: =IF(C8>MAX(H7,I7,J7,K7),"t1",IF(MIN(H7,I7,J7,K7)=H7,"t1",(IF(MIN(H7,I7,J7,K7)=I7,"t2",IF(MIN(H7,I7,J7,K7)=J7,"t3","t4"))))) -> t2 | G8: =IF(E8="DEPOSIT",MAX(1,-5*LN(D8)),IF(E8="WITHDRAWAL",MAX(1,-6*LN(D8)),IF(E8="INQUIRY",MAX(1,-4*LN(D8)),MAX(1,-12*LN(D8))))) -> 18.221833 | H8: =IF(F8="t1",M8,H7) -> 40.604013 | I8: =IF(F8="t2",M8,I7) -> 45.732205 | J8: =IF(F8="t3",M8,J7) -> 27.942102 | K8: =IF(F8="t4",M8,K7) -> 28.517376 | L8: =IF(N8=0,C8,MIN(H7,I7,J7,K7)) -> 27.510372 | M8: =L8+G8 -> 45.732205 | N8: =IF(C8<MIN(H7,I7,J7),MIN(H7,I7,J7)-C8,0) -> 0 | O8: =IF(N8=0,0,1) -> 0 | P8: =COUNTIFS($C$2:C7,"<="&C8,$M$2:M7,">"&C8) -> 3 | Q8: =MAX(0,C8-H8) -> 0 | R8: =MAX(0,C8-I8) -> 0 | S8: =MAX(0,C8-J8) -> 0 | T8: =MAX(0,C8-K8) -> 0 | U8: =IF(F8="t1",G8,0) -> 0 | V8: =IF(F8="t2",G8,0) -> 18.221833 | W8: =IF(F8="t3",G8,0) -> 0 | X8: =IF(F8="t4",G8,0) -> 0
A9: 8 | B9: =-LN(1-RAND())/(20/60) -> 1.3761 | C9: =C8+B9 -> 28.886472 | D9: =RAND() -> 0.81005369 | E9: =LOOKUP(RAND(),{0,0.4,0.7,0.9},{"DEPOSIT","WITHDRAWAL","INQUIRY","LOAN"}) -> DEPOSIT | F9: =IF(C9>MAX(H8,I8,J8,K8),"t1",IF(MIN(H8,I8,J8,K8)=H8,"t1",(IF(MIN(H8,I8,J8,K8)=I8,"t2",IF(MIN(H8,I8,J8,K8)=J8,"t3","t4"))))) -> t3 | G9: =IF(E9="DEPOSIT",MAX(1,-5*LN(D9)),IF(E9="WITHDRAWAL",MAX(1,-6*LN(D9)),IF(E9="INQUIRY",MAX(1,-4*LN(D9)),MAX(1,-12*LN(D9))))) -> 1.0532737 | H9: =IF(F9="t1",M9,H8) -> 40.604013 | I9: =IF(F9="t2",M9,I8) -> 45.732205 | J9: =IF(F9="t3",M9,J8) -> 29.939746 | K9: =IF(F9="t4",M9,K8) -> 28.517376 | L9: =IF(N9=0,C9,MIN(H8,I8,J8,K8)) -> 28.886472 | M9: =L9+G9 -> 29.939746 | N9: =IF(C9<MIN(H8,I8,J8),MIN(H8,I8,J8)-C9,0) -> 0 | O9: =IF(N9=0,0,1) -> 0 | P9: =COUNTIFS($C$2:C8,"<="&C9,$M$2:M8,">"&C9) -> 2 | Q9: =MAX(0,C9-H9) -> 0 | R9: =MAX(0,C9-I9) -> 0 | S9: =MAX(0,C9-J9) -> 0 | T9: =MAX(0,C9-K9) -> 0.36909567 | U9: =IF(F9="t1",G9,0) -> 0 | V9: =IF(F9="t2",G9,0) -> 0 | W9: =IF(F9="t3",G9,0) -> 1.0532737 | X9: =IF(F9="t4",G9,0) -> 0
A10: 9 | B10: =-LN(1-RAND())/(20/60) -> 0.35793056 | C10: =C9+B10 -> 29.244403 | D10: =RAND() -> 0.51034723 | E10: =LOOKUP(RAND(),{0,0.4,0.7,0.9},{"DEPOSIT","WITHDRAWAL","INQUIRY","LOAN"}) -> DEPOSIT | F10: =IF(C10>MAX(H9,I9,J9,K9),"t1",IF(MIN(H9,I9,J9,K9)=H9,"t1",(IF(MIN(H9,I9,J9,K9)=I9,"t2",IF(MIN(H9,I9,J9,K9)=J9,"t3","t4"))))) -> t4 | G10: =IF(E10="DEPOSIT",MAX(1,-5*LN(D10)),IF(E10="WITHDRAWAL",MAX(1,-6*LN(D10)),IF(E10="INQUIRY",MAX(1,-4*LN(D10)),MAX(1,-12*LN(D10))))) -> 3.3633197 | H10: =IF(F10="t1",M10,H9) -> 40.604013 | I10: =IF(F10="t2",M10,I9) -> 45.732205 | J10: =IF(F10="t3",M10,J9) -> 29.939746 | K10: =IF(F10="t4",M10,K9) -> 31.880696 | L10: =IF(N10=0,C10,MIN(H9,I9,J9,K9)) -> 28.517376 | M10: =L10+G10 -> 31.880696 | N10: =IF(C10<MIN(H9,I9,J9),MIN(H9,I9,J9)-C10,0) -> 0.69534318 | O10: =IF(N10=0,0,1) -> 1 | P10: =COUNTIFS($C$2:C9,"<="&C10,$M$2:M9,">"&C10) -> 3 | Q10: =MAX(0,C10-H10) -> 0 | R10: =MAX(0,C10-I10) -> 0 | S10: =MAX(0,C10-J10) -> 0 | T10: =MAX(0,C10-K10) -> 0 | U10: =IF(F10="t1",G10,0) -> 0 | V10: =IF(F10="t2",G10,0) -> 0 | W10: =IF(F10="t3",G10,0) -> 0 | X10: =IF(F10="t4",G10,0) -> 3.3633197
A11: 10 | B11: =-LN(1-RAND())/(20/60) -> 13.682153 | C11: =C10+B11 -> 42.926556 | D11: =RAND() -> 0.48736903 | E11: =LOOKUP(RAND(),{0,0.4,0.7,0.9},{"DEPOSIT","WITHDRAWAL","INQUIRY","LOAN"}) -> WITHDRAWAL | F11: =IF(C11>MAX(H10,I10,J10,K10),"t1",IF(MIN(H10,I10,J10,K10)=H10,"t1",(IF(MIN(H10,I10,J10,K10)=I10,"t2",IF(MIN(H10,I10,J10,K10)=J10,"t3","t4"))))) -> t3 | G11: =IF(E11="DEPOSIT",MAX(1,-5*LN(D11)),IF(E11="WITHDRAWAL",MAX(1,-6*LN(D11)),IF(E11="INQUIRY",MAX(1,-4*LN(D11)),MAX(1,-12*LN(D11))))) -> 4.3124021 | H11: =IF(F11="t1",M11,H10) -> 40.604013 | I11: =IF(F11="t2",M11,I10) -> 45.732205 | J11: =IF(F11="t3",M11,J10) -> 47.238958 | K11: =IF(F11="t4",M11,K10) -> 31.880696 | L11: =IF(N11=0,C11,MIN(H10,I10,J10,K10)) -> 42.926556 | M11: =L11+G11 -> 47.238958 | N11: =IF(C11<MIN(H10,I10,J10),MIN(H10,I10,J10)-C11,0) -> 0 | O11: =IF(N11=0,0,1) -> 0 | P11: =COUNTIFS($C$2:C10,"<="&C11,$M$2:M10,">"&C11) -> 1 | Q11: =MAX(0,C11-H11) -> 2.3225429 | R11: =MAX(0,C11-I11) -> 0 | S11: =MAX(0,C11-J11) -> 0 | T11: =MAX(0,C11-K11) -> 11.04586 | U11: =IF(F11="t1",G11,0) -> 0 | V11: =IF(F11="t2",G11,0) -> 0 | W11: =IF(F11="t3",G11,0) -> 4.3124021 | X11: =IF(F11="t4",G11,0) -> 0
A12: 11 | B12: =-LN(1-RAND())/(20/60) -> 2.0002163 | C12: =C11+B12 -> 44.926772 | D12: =RAND() -> 0.43161837 | E12: =LOOKUP(RAND(),{0,0.4,0.7,0.9},{"DEPOSIT","WITHDRAWAL","INQUIRY","LOAN"}) -> DEPOSIT | F12: =IF(C12>MAX(H11,I11,J11,K11),"t1",IF(MIN(H11,I11,J11,K11)=H11,"t1",(IF(MIN(H11,I11,J11,K11)=I11,"t2",IF(MIN(H11,I11,J11,K11)=J11,"t3","t4"))))) -> t4 | G12: =IF(E12="DEPOSIT",MAX(1,-5*LN(D12)),IF(E12="WITHDRAWAL",MAX(1,-6*LN(D12)),IF(E12="INQUIRY",MAX(1,-4*LN(D12)),MAX(1,-12*LN(D12))))) -> 4.2010675 | H12: =IF(F12="t1",M12,H11) -> 40.604013 | I12: =IF(F12="t2",M12,I11) -> 45.732205 | J12: =IF(F12="t3",M12,J11) -> 47.238958 | K12: =IF(F12="t4",M12,K11) -> 49.12784 | L12: =IF(N12=0,C12,MIN(H11,I11,J11,K11)) -> 44.926772 | M12: =L12+G12 -> 49.12784 | N12: =IF(C12<MIN(H11,I11,J11),MIN(H11,I11,J11)-C12,0) -> 0 | O12: =IF(N12=0,0,1) -> 0 | P12: =COUNTIFS($C$2:C11,"<="&C12,$M$2:M11,">"&C12) -> 2 | Q12: =MAX(0,C12-H12) -> 4.3227592 | R12: =MAX(0,C12-I12) -> 0 | S12: =MAX(0,C12-J12) -> 0 | T12: =MAX(0,C12-K12) -> 0 | U12: =IF(F12="t1",G12,0) -> 0 | V12: =IF(F12="t2",G12,0) -> 0 | W12: =IF(F12="t3",G12,0) -> 0 | X12: =IF(F12="t4",G12,0) -> 4.2010675
A13: 12 | B13: =-LN(1-RAND())/(20/60) -> 0.35095873 | C13: =C12+B13 -> 45.277731 | D13: =RAND() -> 0.69772002 | E13: =LOOKUP(RAND(),{0,0.4,0.7,0.9},{"DEPOSIT","WITHDRAWAL","INQUIRY","LOAN"}) -> WITHDRAWAL | F13: =IF(C13>MAX(H12,I12,J12,K12),"t1",IF(MIN(H12,I12,J12,K12)=H12,"t1",(IF(MIN(H12,I12,J12,K12)=I12,"t2",IF(MIN(H12,I12,J12,K12)=J12,"t3","t4"))))) -> t1 | G13: =IF(E13="DEPOSIT",MAX(1,-5*LN(D13)),IF(E13="WITHDRAWAL",MAX(1,-6*LN(D13)),IF(E13="INQUIRY",MAX(1,-4*LN(D13)),MAX(1,-12*LN(D13))))) -> 2.1596242 | H13: =IF(F13="t1",M13,H12) -> 47.437355 | I13: =IF(F13="t2",M13,I12) -> 45.732205 | J13: =IF(F13="t3",M13,J12) -> 47.238958 | K13: =IF(F13="t4",M13,K12) -> 49.12784 | L13: =IF(N13=0,C13,MIN(H12,I12,J12,K12)) -> 45.277731 | M13: =L13+G13 -> 47.437355 | N13: =IF(C13<MIN(H12,I12,J12),MIN(H12,I12,J12)-C13,0) -> 0 | O13: =IF(N13=0,0,1) -> 0 | P13: =COUNTIFS($C$2:C12,"<="&C13,$M$2:M12,">"&C13) -> 3 | Q13: =MAX(0,C13-H13) -> 0 | R13: =MAX(0,C13-I13) -> 0 | S13: =MAX(0,C13-J13) -> 0 | T13: =MAX(0,C13-K13) -> 0 | U13: =IF(F13="t1",G13,0) -> 2.1596242 | V13: =IF(F13="t2",G13,0) -> 0 | W13: =IF(F13="t3",G13,0) -> 0 | X13: =IF(F13="t4",G13,0) -> 0
A14: 13 | B14: =-LN(1-RAND())/(20/60) -> 3.4889196 | C14: =C13+B14 -> 48.76665 | D14: =RAND() -> 0.24642542 | E14: =LOOKUP(RAND(),{0,0.4,0.7,0.9},{"DEPOSIT","WITHDRAWAL","INQUIRY","LOAN"}) -> DEPOSIT | F14: =IF(C14>MAX(H13,I13,J13,K13),"t1",IF(MIN(H13,I13,J13,K13)=H13,"t1",(IF(MIN(H13,I13,J13,K13)=I13,"t2",IF(MIN(H13,I13,J13,K13)=J13,"t3","t4"))))) -> t2 | G14: =IF(E14="DEPOSIT",MAX(1,-5*LN(D14)),IF(E14="WITHDRAWAL",MAX(1,-6*LN(D14)),IF(E14="INQUIRY",MAX(1,-4*LN(D14)),MAX(1,-12*LN(D14))))) -> 7.0034795 | H14: =IF(F14="t1",M14,H13) -> 47.437355 | I14: =IF(F14="t2",M14,I13) -> 55.77013 | J14: =IF(F14="t3",M14,J13) -> 47.238958 | K14: =IF(F14="t4",M14,K13) -> 49.12784 | L14: =IF(N14=0,C14,MIN(H13,I13,J13,K13)) -> 48.76665 | M14: =L14+G14 -> 55.77013 | N14: =IF(C14<MIN(H13,I13,J13),MIN(H13,I13,J13)-C14,0) -> 0 | O14: =IF(N14=0,0,1) -> 0 | P14: =COUNTIFS($C$2:C13,"<="&C14,$M$2:M13,">"&C14) -> 1 | Q14: =MAX(0,C14-H14) -> 1.3292954 | R14: =MAX(0,C14-I14) -> 0 | S14: =MAX(0,C14-J14) -> 1.5276926 | T14: =MAX(0,C14-K14) -> 0 | U14: =IF(F14="t1",G14,0) -> 0 | V14: =IF(F14="t2",G14,0) -> 7.0034795 | W14: =IF(F14="t3",G14,0) -> 0 | X14: =IF(F14="t4",G14,0) -> 0
A15: 14 | B15: =-LN(1-RAND())/(20/60) -> 3.3600979 | C15: =C14+B15 -> 52.126748 | D15: =RAND() -> 0.72829931 | E15: =LOOKUP(RAND(),{0,0.4,0.7,0.9},{"DEPOSIT","WITHDRAWAL","INQUIRY","LOAN"}) -> DEPOSIT | F15: =IF(C15>MAX(H14,I14,J14,K14),"t1",IF(MIN(H14,I14,J14,K14)=H14,"t1",(IF(MIN(H14,I14,J14,K14)=I14,"t2",IF(MIN(H14,I14,J14,K14)=J14,"t3","t4"))))) -> t3 | G15: =IF(E15="DEPOSIT",MAX(1,-5*LN(D15)),IF(E15="WITHDRAWAL",MAX(1,-6*LN(D15)),IF(E15="INQUIRY",MAX(1,-4*LN(D15)),MAX(1,-12*LN(D15))))) -> 1.5852159 | H15: =IF(F15="t1",M15,H14) -> 47.437355 | I15: =IF(F15="t2",M15,I14) -> 55.77013 | J15: =IF(F15="t3",M15,J14) -> 53.711964 | K15: =IF(F15="t4",M15,K14) -> 49.12784 | L15: =IF(N15=0,C15,MIN(H14,I14,J14,K14)) -> 52.126748 | M15: =L15+G15 -> 53.711964 | N15: =IF(C15<MIN(H14,I14,J14),MIN(H14,I14,J14)-C15,0) -> 0 | O15: =IF(N15=0,0,1) -> 0 | P15: =COUNTIFS($C$2:C14,"<="&C15,$M$2:M14,">"&C15) -> 1 | Q15: =MAX(0,C15-H15) -> 4.6893933 | R15: =MAX(0,C15-I15) -> 0 | S15: =MAX(0,C15-J15) -> 0 | T15: =MAX(0,C15-K15) -> 2.9989088 | U15: =IF(F15="t1",G15,0) -> 0 | V15: =IF(F15="t2",G15,0) -> 0 | W15: =IF(F15="t3",G15,0) -> 1.5852159 | X15: =IF(F15="t4",G15,0) -> 0
... A151: 150 | B151: =-LN(1-RAND())/(20/60) -> 0.21621561 | C151: =C150+B151 -> 450.04829 | D151: =RAND() -> 0.18991927 | E151: =LOOKUP(RAND(),{0,0.4,0.7,0.9},{"DEPOSIT","WITHDRAWAL","INQUIRY","LOAN"}) -> WITHDRAWAL | F151: =IF(C151>MAX(H150,I150,J150,K150),"t1",IF(MIN(H150,I150,J150,K150)=H150,"t1",(IF(MIN(H150,I150,J150,K150)=I150,"t2",IF(MIN(H150,I150,J150,K150)=J150,"t3","t4"))))) -> t2 | G151: =IF(E151="DEPOSIT",MAX(1,-5*LN(D151)),IF(E151="WITHDRAWAL",MAX(1,-6*LN(D151)),IF(E151="INQUIRY",MAX(1,-4*LN(D151)),MAX(1,-12*LN(D151))))) -> 9.9669371 | H151: =IF(F151="t1",M151,H150) -> 449.90903 | I151: =IF(F151="t2",M151,I150) -> 460.01523 | J151: =IF(F151="t3",M151,J150) -> 451.52324 | K151: =IF(F151="t4",M151,K150) -> 449.85667 | L151: =IF(N151=0,C151,MIN(H150,I150,J150,K150)) -> 450.04829 | M151: =L151+G151 -> 460.01523 | N151: =IF(C151<MIN(H150,I150,J150),MIN(H150,I150,J150)-C151,0) -> 0 | O151: =IF(N151=0,0,1) -> 0 | P151: =COUNTIFS($C$2:C150,"<="&C151,$M$2:M150,">"&C151) -> 1 | Q151: =MAX(0,C151-H151) -> 0.13926347 | R151: =MAX(0,C151-I151) -> 0 | S151: =MAX(0,C151-J151) -> 0 | T151: =MAX(0,C151-K151) -> 0.19162455 | U151: =IF(F151="t1",G151,0) -> 0 | V151: =IF(F151="t2",G151,0) -> 9.9669371 | W151: =IF(F151="t3",G151,0) -> 0 | X151: =IF(F151="t4",G151,0) -> 0
B152: =SUM(B2:B151) -> 450.04829 | G152: =SUM(G2:G151) -> 838.45527 | N152: =SUM(N2:N151) -> 87.802443 | O152: =SUM(O2:O151) -> 31 | T152: =SUM(T2:T151) -> 542.54016 | U152: =SUM(U2:U151) -> 278.03806 | V152: =SUM(V2:V151) -> 192.57998 | W152: =SUM(W2:W151) -> 184.06807 | X152: =SUM(X2:X151) -> 183.76916 | Y152: sum
B153: =B152/160 -> 2.8128018 | G153: =G152/160 -> 5.2403454 | N153: =N152/M151 -> 0.19086856 | O153: =O152/160 -> 0.19375 | T153: =T152/M151 -> 1.1793961 | U153: =U152/M151 -> 0.60441056 | V153: =V152/M151 -> 0.41863827 | W153: =W152/M151 -> 0.40013473 | X153: =X152/M151 -> 0.39948495 | Y153: avg
N154: =MAX(N2:N151) -> 8.8072327 | Y154: max
U155: =U152/M151 -> 0.60441056 | V155: =V152/M151 -> 0.41863827 | W155: =W152/M151 -> 0.40013473 | X155: =X152/M151 -> 0.39948495 | Y155: utilization_tellers

Sheet Scenario_B
A1: customer_id | B1: interarrival_time | C1: arrival_time | D1: random_number_service | E1: service_type | F1: assigned_teller | G1: service_time | H1: teller1_available_time | I1: teller2_available_time | J1: teller3_available_time | K1: service_start_time | L1: service_end_time | M1: waiting_time | N1: wait(0,1) | O1: queue_length | P1: teller1_idle_time | Q1: teller2_idle_time | R1: teller3_idle_time | S1: teller1_busy | T1: teller2_busy | U1: teller3_busy
A2: 1 | C2: 0 | D2: =RAND() -> 0.46297323 | E2: =LOOKUP(RAND(),{0,0.4,0.7,0.9},{"DEPOSIT","WITHDRAWAL","INQUIRY","LOAN"}) -> DEPOSIT | F2: t1 | G2: =IF(E2="DEPOSIT",MAX(1,-5*LN(D2)),IF(E2="WITHDRAWAL",MAX(1,-6*LN(D2)),IF(E2="INQUIRY",MAX(1,-4*LN(D2)),MAX(1,-12*LN(D2))))) -> 3.8504302 | H2: =L2 -> 3.8504302 | I2: 0 | J2: 0 | K2: =C2 -> 0 | L2: =K2+G2 -> 3.8504302 | M2: 0 | N2: =IF(M2=0,0,1) -> 0 | O2: =COUNTIFS($C1:C$2,"<="&C2,$L1:L$2,">"&C2) -> 1 | P2: =MAX(0,C2-H2) -> 0 | Q2: =MAX(0,C2-I2) -> 0 | R2: =MAX(0,C2-J2) -> 0 | S2: =IF(F2="t1",G2,0) -> 3.8504302 | T2: =IF(F2="t2",G2,0) -> 0 | U2: =IF(F2="t3",G2,0) -> 0
A3: 2 | B3: =-LN(1-RAND())/(25/60) -> 2.3476878 | C3: =C2+B3 -> 2.3476878 | D3: =RAND() -> 0.31770449 | E3: =LOOKUP(RAND(),{0,0.4,0.7,0.9},{"DEPOSIT","WITHDRAWAL","INQUIRY","LOAN"}) -> WITHDRAWAL | F3: =IF(C3>MAX(H2,I2,J2),"t1",IF(MIN(H2,I2,J2)=H2,"t1",(IF(MIN(H2,I2,J2)=I2,"t2","t3")))) -> t2 | G3: =IF(E3="DEPOSIT",MAX(1,-5*LN(D3)),IF(E3="WITHDRAWAL",MAX(1,-6*LN(D3)),IF(E3="INQUIRY",MAX(1,-4*LN(D3)),MAX(1,-12*LN(D3))))) -> 6.8798016 | H3: =IF(F3="t1",L3,H2) -> 3.8504302 | I3: =IF(F3="t2",L3,I2) -> 9.2274894 | J3: =IF(F3="t3",L3,J2) -> 0 | K3: =IF(M3=0,C3,MIN(H2,I2,J2)) -> 2.3476878 | L3: =K3+G3 -> 9.2274894 | M3: =IF(C3<MIN(H2,I2,J2),MIN(H2,I2,J2)-C3,0) -> 0 | N3: =IF(M3=0,0,1) -> 0 | O3: =COUNTIFS($C2:C$2,"<="&C3,$L2:L$2,">"&C3) -> 1 | P3: =MAX(0,C3-H3) -> 0 | Q3: =MAX(0,C3-I3) -> 0 | R3: =MAX(0,C3-J3) -> 2.3476878 | S3: =IF(F3="t1",G3,0) -> 0 | T3: =IF(F3="t2",G3,0) -> 6.8798016 | U3: =IF(F3="t3",G3,0) -> 0
A4: 3 | B4: =-LN(1-RAND())/(25/60) -> 6.6148876 | C4: =C3+B4 -> 8.9625753 | D4: =RAND() -> 0.17462245 | E4: =LOOKUP(RAND(),{0,0.4,0.7,0.9},{"DEPOSIT","WITHDRAWAL","INQUIRY","LOAN"}) -> DEPOSIT | F4: =IF(C4>MAX(H3,I3,J3),"t1",IF(MIN(H3,I3,J3)=H3,"t1",(IF(MIN(H3,I3,J3)=I3,"t2","t3")))) -> t3 | G4: =IF(E4="DEPOSIT",MAX(1,-5*LN(D4)),IF(E4="WITHDRAWAL",MAX(1,-6*LN(D4)),IF(E4="INQUIRY",MAX(1,-4*LN(D4)),MAX(1,-12*LN(D4))))) -> 8.7256453 | H4: =IF(F4="t1",L4,H3) -> 3.8504302 | I4: =IF(F4="t2",L4,I3) -> 9.2274894 | J4: =IF(F4="t3",L4,J3) -> 17.688221 | K4: =IF(M4=0,C4,MIN(H3,I3,J3)) -> 8.9625753 | L4: =K4+G4 -> 17.688221 | M4: =IF(C4<MIN(H3,I3,J3),MIN(H3,I3,J3)-C4,0) -> 0 | N4: =IF(M4=0,0,1) -> 0 | O4: =COUNTIFS($C$2:C3,"<="&C4,$L$2:L3,">"&C4) -> 1 | P4: =MAX(0,C4-H4) -> 5.1121452 | Q4: =MAX(0,C4-I4) -> 0 | R4: =MAX(0,C4-J4) -> 0 | S4: =IF(F4="t1",G4,0) -> 0 | T4: =IF(F4="t2",G4,0) -> 0 | U4: =IF(F4="t3",G4,0) -> 8.7256453
A5: 4 | B5: =-LN(1-RAND())/(25/60) -> 3.6181493 | C5: =C4+B5 -> 12.580725 | D5: =RAND() -> 0.042040351 | E5: =LOOKUP(RAND(),{0,0.4,0.7,0.9},{"DEPOSIT","WITHDRAWAL","INQUIRY","LOAN"}) -> DEPOSIT | F5: =IF(C5>MAX(H4,I4,J4),"t1",IF(MIN(H4,I4,J4)=H4,"t1",(IF(MIN(H4,I4,J4)=I4,"t2","t3")))) -> t1 | G5: =IF(E5="DEPOSIT",MAX(1,-5*LN(D5)),IF(E5="WITHDRAWAL",MAX(1,-6*LN(D5)),IF(E5="INQUIRY",MAX(1,-4*LN(D5)),MAX(1,-12*LN(D5))))) -> 15.845627 | H5: =IF(F5="t1",L5,H4) -> 28.426352 | I5: =IF(F5="t2",L5,I4) -> 9.2274894 | J5: =IF(F5="t3",L5,J4) -> 17.688221 | K5: =IF(M5=0,C5,MIN(H4,I4,J4)) -> 12.580725 | L5: =K5+G5 -> 28.426352 | M5: =IF(C5<MIN(H4,I4,J4),MIN(H4,I4,J4)-C5,0) -> 0 | N5: =IF(M5=0,0,1) -> 0 | O5: =COUNTIFS($C$2:C4,"<="&C5,$L$2:L4,">"&C5) -> 1 | P5: =MAX(0,C5-H5) -> 0 | Q5: =MAX(0,C5-I5) -> 3.3532352 | R5: =MAX(0,C5-J5) -> 0 | S5: =IF(F5="t1",G5,0) -> 15.845627 | T5: =IF(F5="t2",G5,0) -> 0 | U5: =IF(F5="t3",G5,0) -> 0
A6: 5 | B6: =-LN(1-RAND())/(25/60) -> 2.8956829 | C6: =C5+B6 -> 15.476408 | D6: =RAND() -> 0.061361007 | E6: =LOOKUP(RAND(),{0,0.4,0.7,0.9},{"DEPOSIT","WITHDRAWAL","INQUIRY","LOAN"}) -> DEPOSIT | F6: =IF(C6>MAX(H5,I5,J5),"t1",IF(MIN(H5,I5,J5)=H5,"t1",(IF(MIN(H5,I5,J5)=I5,"t2","t3")))) -> t2 | G6: =IF(E6="DEPOSIT",MAX(1,-5*LN(D6)),IF(E6="WITHDRAWAL",MAX(1,-6*LN(D6)),IF(E6="INQUIRY",MAX(1,-4*LN(D6)),MAX(1,-12*LN(D6))))) -> 13.954904 | H6: =IF(F6="t1",L6,H5) -> 28.426352 | I6: =IF(F6="t2",L6,I5) -> 29.431311 | J6: =IF(F6="t3",L6,J5) -> 17.688221 | K6: =IF(M6=0,C6,MIN(H5,I5,J5)) -> 15.476408 | L6: =K6+G6 -> 29.431311 | M6: =IF(C6<MIN(H5,I5,J5),MIN(H5,I5,J5)-C6,0) -> 0 | N6: =IF(M6=0,0,1) -> 0 | O6: =COUNTIFS($C$2:C5,"<="&C6,$L$2:L5,">"&C6) -> 2 | P6: =MAX(0,C6-H6) -> 0 | Q6: =MAX(0,C6-I6) -> 0 | R6: =MAX(0,C6-J6) -> 0 | S6: =IF(F6="t1",G6,0) -> 0 | T6: =IF(F6="t2",G6,0) -> 13.954904 | U6: =IF(F6="t3",G6,0) -> 0
A7: 6 | B7: =-LN(1-RAND())/(25/60) -> 0.99981822 | C7: =C6+B7 -> 16.476226 | D7: =RAND() -> 0.70603612 | E7: =LOOKUP(RAND(),{0,0.4,0.7,0.9},{"DEPOSIT","WITHDRAWAL","INQUIRY","LOAN"}) -> INQUIRY | F7: =IF(C7>MAX(H6,I6,J6),"t1",IF(MIN(H6,I6,J6)=H6,"t1",(IF(MIN(H6,I6,J6)=I6,"t2","t3")))) -> t3 | G7: =IF(E7="DEPOSIT",MAX(1,-5*LN(D7)),IF(E7="WITHDRAWAL",MAX(1,-6*LN(D7)),IF(E7="INQUIRY",MAX(1,-4*LN(D7)),MAX(1,-12*LN(D7))))) -> 1.3923555 | H7: =IF(F7="t1",L7,H6) -> 28.426352 | I7: =IF(F7="t2",L7,I6) -> 29.431311 | J7: =IF(F7="t3",L7,J6) -> 19.080576 | K7: =IF(M7=0,C7,MIN(H6,I6,J6)) -> 17.688221 | L7: =K7+G7 -> 19.080576 | M7: =IF(C7<MIN(H6,I6,J6),MIN(H6,I6,J6)-C7,0) -> 1.2119949 | N7: =IF(M7=0,0,1) -> 1 | O7: =COUNTIFS($C$2:C6,"<="&C7,$L$2:L6,">"&C7) -> 3 | P7: =MAX(0,C7-H7) -> 0 | Q7: =MAX(0,C7-I7) -> 0 | R7: =MAX(0,C7-J7) -> 0 | S7: =IF(F7="t1",G7,0) -> 0 | T7: =IF(F7="t2",G7,0) -> 0 | U7: =IF(F7="t3",G7,0) -> 1.3923555
A8: 7 | B8: =-LN(1-RAND())/(25/60) -> 3.5424288 | C8: =C7+B8 -> 20.018655 | D8: =RAND() -> 0.01960629 | E8: =LOOKUP(RAND(),{0,0.4,0.7,0.9},{"DEPOSIT","WITHDRAWAL","INQUIRY","LOAN"}) -> DEPOSIT | F8: =IF(C8>MAX(H7,I7,J7),"t1",IF(MIN(H7,I7,J7)=H7,"t1",(IF(MIN(H7,I7,J7)=I7,"t2","t3")))) -> t3 | G8: =IF(E8="DEPOSIT",MAX(1,-5*LN(D8)),IF(E8="WITHDRAWAL",MAX(1,-6*LN(D8)),IF(E8="INQUIRY",MAX(1,-4*LN(D8)),MAX(1,-12*LN(D8))))) -> 19.659524 | H8: =IF(F8="t1",L8,H7) -> 28.426352 | I8: =IF(F8="t2",L8,I7) -> 29.431311 | J8: =IF(F8="t3",L8,J7) -> 39.678179 | K8: =IF(M8=0,C8,MIN(H7,I7,J7)) -> 20.018655 | L8: =K8+G8 -> 39.678179 | M8: =IF(C8<MIN(H7,I7,J7),MIN(H7,I7,J7)-C8,0) -> 0 | N8: =IF(M8=0,0,1) -> 0 | O8: =COUNTIFS($C$2:C7,"<="&C8,$L$2:L7,">"&C8) -> 2 | P8: =MAX(0,C8-H8) -> 0 | Q8: =MAX(0,C8-I8) -> 0 | R8: =MAX(0,C8-J8) -> 0 | S8: =IF(F8="t1",G8,0) -> 0 | T8: =IF(F8="t2",G8,0) -> 0 | U8: =IF(F8="t3",G8,0) -> 19.659524
A9: 8 | B9: =-LN(1-RAND())/(25/60) -> 2.3051635 | C9: =C8+B9 -> 22.323818 | D9: =RAND() -> 0.15809868 | E9: =LOOKUP(RAND(),{0,0.4,0.7,0.9},{"DEPOSIT","WITHDRAWAL","INQUIRY","LOAN"}) -> DEPOSIT | F9: =IF(C9>MAX(H8,I8,J8),"t1",IF(MIN(H8,I8,J8)=H8,"t1",(IF(MIN(H8,I8,J8)=I8,"t2","t3")))) -> t1 | G9: =IF(E9="DEPOSIT",MAX(1,-5*LN(D9)),IF(E9="WITHDRAWAL",MAX(1,-6*LN(D9)),IF(E9="INQUIRY",MAX(1,-4*LN(D9)),MAX(1,-12*LN(D9))))) -> 9.2226794 | H9: =IF(F9="t1",L9,H8) -> 37.649031 | I9: =IF(F9="t2",L9,I8) -> 29.431311 | J9: =IF(F9="t3",L9,J8) -> 39.678179 | K9: =IF(M9=0,C9,MIN(H8,I8,J8)) -> 28.426352 | L9: =K9+G9 -> 37.649031 | M9: =IF(C9<MIN(H8,I8,J8),MIN(H8,I8,J8)-C9,0) -> 6.1025335 | N9: =IF(M9=0,0,1) -> 1 | O9: =COUNTIFS($C$2:C8,"<="&C9,$L$2:L8,">"&C9) -> 3 | P9: =MAX(0,C9-H9) -> 0 | Q9: =MAX(0,C9-I9) -> 0 | R9: =MAX(0,C9-J9) -> 0 | S9: =IF(F9="t1",G9,0) -> 9.2226794 | T9: =IF(F9="t2",G9,0) -> 0 | U9: =IF(F9="t3",G9,0) -> 0
A10: 9 | B10: =-LN(1-RAND())/(25/60) -> 0.62026722 | C10: =C9+B10 -> 22.944085 | D10: =RAND() -> 0.70090794 | E10: =LOOKUP(RAND(),{0,0.4,0.7,0.9},{"DEPOSIT","WITHDRAWAL","INQUIRY","LOAN"}) -> DEPOSIT | F10: =IF(C10>MAX(H9,I9,J9),"t1",IF(MIN(H9,I9,J9)=H9,"t1",(IF(MIN(H9,I9,J9)=I9,"t2","t3")))) -> t2 | G10: =IF(E10="DEPOSIT",MAX(1,-5*LN(D10)),IF(E10="WITHDRAWAL",MAX(1,-6*LN(D10)),IF(E10="INQUIRY",MAX(1,-4*LN(D10)),MAX(1,-12*LN(D10))))) -> 1.7768936 | H10: =IF(F10="t1",L10,H9) -> 37.649031 | I10: =IF(F10="t2",L10,I9) -> 31.208205 | J10: =IF(F10="t3",L10,J9) -> 39.678179 | K10: =IF(M10=0,C10,MIN(H9,I9,J9)) -> 29.431311 | L10: =K10+G10 -> 31.208205 | M10: =IF(C10<MIN(H9,I9,J9),MIN(H9,I9,J9)-C10,0) -> 6.4872259 | N10: =IF(M10=0,0,1) -> 1 | O10: =COUNTIFS($C$2:C9,"<="&C10,$L$2:L9,">"&C10) -> 4 | P10: =MAX(0,C10-H10) -> 0 | Q10: =MAX(0,C10-I10) -> 0 | R10: =MAX(0,C10-J10) -> 0 | S10: =IF(F10="t1",G10,0) -> 0 | T10: =IF(F10="t2",G10,0) -> 1.7768936 | U10: =IF(F10="t3",G10,0) -> 0
A11: 10 | B11: =-LN(1-RAND())/(25/60) -> 8.2453703 | C11: =C10+B11 -> 31.189456 | D11: =RAND() -> 0.74372175 | E11: =LOOKUP(RAND(),{0,0.4,0.7,0.9},{"DEPOSIT","WITHDRAWAL","INQUIRY","LOAN"}) -> DEPOSIT | F11: =IF(C11>MAX(H10,I10,J10),"t1",IF(MIN(H10,I10,J10)=H10,"t1",(IF(MIN(H10,I10,J10)=I10,"t2","t3")))) -> t2 | G11: =IF(E11="DEPOSIT",MAX(1,-5*LN(D11)),IF(E11="WITHDRAWAL",MAX(1,-6*LN(D11)),IF(E11="INQUIRY",MAX(1,-4*LN(D11)),MAX(1,-12*LN(D11))))) -> 1.4804415 | H11: =IF(F11="t1",L11,H10) -> 37.649031 | I11: =IF(F11="t2",L11,I10) -> 32.688646 | J11: =IF(F11="t3",L11,J10) -> 39.678179 | K11: =IF(M11=0,C11,MIN(H10,I10,J10)) -> 31.208205 | L11: =K11+G11 -> 32.688646 | M11: =IF(C11<MIN(H10,I10,J10),MIN(H10,I10,J10)-C11,0) -> 0.018749144 | N11: =IF(M11=0,0,1) -> 1 | O11: =COUNTIFS($C$2:C10,"<="&C11,$L$2:L10,">"&C11) -> 3 | P11: =MAX(0,C11-H11) -> 0 | Q11: =MAX(0,C11-I11) -> 0 | R11: =MAX(0,C11-J11) -> 0 | S11: =IF(F11="t1",G11,0) -> 0 | T11: =IF(F11="t2",G11,0) -> 1.4804415 | U11: =IF(F11="t3",G11,0) -> 0
A12: 11 | B12: =-LN(1-RAND())/(25/60) -> 2.7742238 | C12: =C11+B12 -> 33.963679 | D12: =RAND() -> 0.00951216 | E12: =LOOKUP(RAND(),{0,0.4,0.7,0.9},{"DEPOSIT","WITHDRAWAL","INQUIRY","LOAN"}) -> WITHDRAWAL | F12: =IF(C12>MAX(H11,I11,J11),"t1",IF(MIN(H11,I11,J11)=H11,"t1",(IF(MIN(H11,I11,J11)=I11,"t2","t3")))) -> t2 | G12: =IF(E12="DEPOSIT",MAX(1,-5*LN(D12)),IF(E12="WITHDRAWAL",MAX(1,-6*LN(D12)),IF(E12="INQUIRY",MAX(1,-4*LN(D12)),MAX(1,-12*LN(D12))))) -> 27.931106 | H12: =IF(F12="t1",L12,H11) -> 37.649031 | I12: =IF(F12="t2",L12,I11) -> 61.894785 | J12: =IF(F12="t3",L12,J11) -> 39.678179 | K12: =IF(M12=0,C12,MIN(H11,I11,J11)) -> 33.963679 | L12: =K12+G12 -> 61.894785 | M12: =IF(C12<MIN(H11,I11,J11),MIN(H11,I11,J11)-C12,0) -> 0 | N12: =IF(M12=0,0,1) -> 0 | O12: =COUNTIFS($C$2:C11,"<="&C12,$L$2:L11,">"&C12) -> 2 | P12: =MAX(0,C12-H12) -> 0 | Q12: =MAX(0,C12-I12) -> 0 | R12: =MAX(0,C12-J12) -> 0 | S12: =IF(F12="t1",G12,0) -> 0 | T12: =IF(F12="t2",G12,0) -> 27.931106 | U12: =IF(F12="t3",G12,0) -> 0
A13: 12 | B13: =-LN(1-RAND())/(25/60) -> 3.8328892 | C13: =C12+B13 -> 37.796569 | D13: =RAND() -> 0.90053835 | E13: =LOOKUP(RAND(),{0,0.4,0.7,0.9},{"DEPOSIT","WITHDRAWAL","INQUIRY","LOAN"}) -> WITHDRAWAL | F13: =IF(C13>MAX(H12,I12,J12),"t1",IF(MIN(H12,I12,J12)=H12,"t1",(IF(MIN(H12,I12,J12)=I12,"t2","t3")))) -> t1 | G13: =IF(E13="DEPOSIT",MAX(1,-5*LN(D13)),IF(E13="WITHDRAWAL",MAX(1,-6*LN(D13)),IF(E13="INQUIRY",MAX(1,-4*LN(D13)),MAX(1,-12*LN(D13))))) -> 1 | H13: =IF(F13="t1",L13,H12) -> 38.796569 | I13: =IF(F13="t2",L13,I12) -> 61.894785 | J13: =IF(F13="t3",L13,J12) -> 39.678179 | K13: =IF(M13=0,C13,MIN(H12,I12,J12)) -> 37.796569 | L13: =K13+G13 -> 38.796569 | M13: =IF(C13<MIN(H12,I12,J12),MIN(H12,I12,J12)-C13,0) -> 0 | N13: =IF(M13=0,0,1) -> 0 | O13: =COUNTIFS($C$2:C12,"<="&C13,$L$2:L12,">"&C13) -> 2 | P13: =MAX(0,C13-H13) -> 0 | Q13: =MAX(0,C13-I13) -> 0 | R13: =MAX(0,C13-J13) -> 0 | S13: =IF(F13="t1",G13,0) -> 1 | T13: =IF(F13="t2",G13,0) -> 0 | U13: =IF(F13="t3",G13,0) -> 0
A14: 13 | B14: =-LN(1-RAND())/(25/60) -> 2.3682934 | C14: =C13+B14 -> 40.164862 | D14: =RAND() -> 0.4144241 | E14: =LOOKUP(RAND(),{0,0.4,0.7,0.9},{"DEPOSIT","WITHDRAWAL","INQUIRY","LOAN"}) -> INQUIRY | F14: =IF(C14>MAX(H13,I13,J13),"t1",IF(MIN(H13,I13,J13)=H13,"t1",(IF(MIN(H13,I13,J13)=I13,"t2","t3")))) -> t1 | G14: =IF(E14="DEPOSIT",MAX(1,-5*LN(D14)),IF(E14="WITHDRAWAL",MAX(1,-6*LN(D14)),IF(E14="INQUIRY",MAX(1,-4*LN(D14)),MAX(1,-12*LN(D14))))) -> 3.5234617 | H14: =IF(F14="t1",L14,H13) -> 43.688324 | I14: =IF(F14="t2",L14,I13) -> 61.894785 | J14: =IF(F14="t3",L14,J13) -> 39.678179 | K14: =IF(M14=0,C14,MIN(H13,I13,J13)) -> 40.164862 | L14: =K14+G14 -> 43.688324 | M14: =IF(C14<MIN(H13,I13,J13),MIN(H13,I13,J13)-C14,0) -> 0 | N14: =IF(M14=0,0,1) -> 0 | O14: =COUNTIFS($C$2:C13,"<="&C14,$L$2:L13,">"&C14) -> 1 | P14: =MAX(0,C14-H14) -> 0 | Q14: =MAX(0,C14-I14) -> 0 | R14: =MAX(0,C14-J14) -> 0.48668325 | S14: =IF(F14="t1",G14,0) -> 3.5234617 | T14: =IF(F14="t2",G14,0) -> 0 | U14: =IF(F14="t3",G14,0) -> 0
A15: 14 | B15: =-LN(1-RAND())/(25/60) -> 2.0636877 | C15: =C14+B15 -> 42.22855 | D15: =RAND() -> 0.85398426 | E15: =LOOKUP(RAND(),{0,0.4,0.7,0.9},{"DEPOSIT","WITHDRAWAL","INQUIRY","LOAN"}) -> DEPOSIT | F15: =IF(C15>MAX(H14,I14,J14),"t1",IF(MIN(H14,I14,J14)=H14,"t1",(IF(MIN(H14,I14,J14)=I14,"t2","t3")))) -> t3 | G15: =IF(E15="DEPOSIT",MAX(1,-5*LN(D15)),IF(E15="WITHDRAWAL",MAX(1,-6*LN(D15)),IF(E15="INQUIRY",MAX(1,-4*LN(D15)),MAX(1,-12*LN(D15))))) -> 1 | H15: =IF(F15="t1",L15,H14) -> 43.688324 | I15: =IF(F15="t2",L15,I14) -> 61.894785 | J15: =IF(F15="t3",L15,J14) -> 43.22855 | K15: =IF(M15=0,C15,MIN(H14,I14,J14)) -> 42.22855 | L15: =K15+G15 -> 43.22855 | M15: =IF(C15<MIN(H14,I14,J14),MIN(H14,I14,J14)-C15,0) -> 0 | N15: =IF(M15=0,0,1) -> 0 | O15: =COUNTIFS($C$2:C14,"<="&C15,$L$2:L14,">"&C15) -> 2 | P15: =MAX(0,C15-H15) -> 0 | Q15: =MAX(0,C15-I15) -> 0 | R15: =MAX(0,C15-J15) -> 0 | S15: =IF(F15="t1",G15,0) -> 0 | T15: =IF(F15="t2",G15,0) -> 0 | U15: =IF(F15="t3",G15,0) -> 1
... A161: 160 | B161: =-LN(1-RAND())/(25/60) -> 1.2579151 | C161: =C160+B161 -> 444.28228 | D161: =RAND() -> 0.64014302 | E161: =LOOKUP(RAND(),{0,0.4,0.7,0.9},{"DEPOSIT","WITHDRAWAL","INQUIRY","LOAN"}) -> WITHDRAWAL | F161: =IF(C161>MAX(H160,I160,J160),"t1",IF(MIN(H160,I160,J160)=H160,"t1",(IF(MIN(H160,I160,J160)=I160,"t2","t3")))) -> t3 | G161: =IF(E161="DEPOSIT",MAX(1,-5*LN(D161)),IF(E161="WITHDRAWAL",MAX(1,-6*LN(D161)),IF(E161="INQUIRY",MAX(1,-4*LN(D161)),MAX(1,-12*LN(D161))))) -> 2.676382 | H161: =IF(F161="t1",L161,H160) -> 448.92212 | I161: =IF(F161="t2",L161,I160) -> 459.17089 | J161: =IF(F161="t3",L161,J160) -> 447.63996 | K161: =IF(M161=0,C161,MIN(H160,I160,J160)) -> 444.96358 | L161: =K161+G161 -> 447.63996 | M161: =IF(C161<MIN(H160,I160,J160),MIN(H160,I160,J160)-C161,0) -> 0.68130032 | N161: =IF(M161=0,0,1) -> 1 | O161: =COUNTIFS($C$2:C160,"<="&C161,$L$2:L160,">"&C161) -> 3 | P161: =MAX(0,C161-H161) -> 0 | Q161: =MAX(0,C161-I161) -> 0 | R161: =MAX(0,C161-J161) -> 0 | S161: =IF(F161="t1",G161,0) -> 0 | T161: =IF(F161="t2",G161,0) -> 0 | U161: =IF(F161="t3",G161,0) -> 2.676382
B162: =SUM(B3:B161) -> 444.28228 | G162: =SUM(G2:G161) -> 944.94683 | M162: =SUM(M2:M161) -> 188.36806 | N162: =SUM(N2:N161) -> 63 | S162: =SUM(S2:S161) -> 322.15572 | T162: =SUM(T2:T161) -> 294.50256 | U162: =SUM(U2:U161) -> 328.28855 | V162: sum
B163: =B162/160 -> 2.7767642 | G163: =G162/160 -> 5.9059177 | M163: =M162/L161 -> 0.42080261 | N163: =N162/160 -> 0.39375 | S163: =S162/L161 -> 0.71967596 | T163: =T162/L161 -> 0.65790052 | U163: =U162/L161 -> 0.73337633 | V163: avg
M164: =MAX(M2:M161) -> 10.369612 | V164: max
S165: =S162/L161 -> 0.71967596 | T165: =T162/L161 -> 0.65790052 | U165: =U162/L161 -> 0.73337633 | V165: utilization_tellers

Sheet parameters
A1: Parameter | B1: Base Case | C1: Scenario A | D1: Scenario B
A2: Number of tellers | B2: 3 | C2: 4 | D2: 3
A3: Arrival rate (cust/hour) | B3: 20 | C3: 20 | D3: 25
A4: Arrival distribution | B4: Poisson | C4: Poisson | D4: Poisson
A5: Deposit service (min) | B5: Exp(5) | C5: Exp(5) | D5: Exp(5)
A6: Withdrawal service (min) | B6: Exp(6) | C6: Exp(6) | D6: Exp(6)
A7: Inquiry service (min) | B7: Exp(4) | C7: Exp(4) | D7: Exp(4)
A8: Loan service (min) | B8: Exp(12) | C8: Exp(12) | D8: Exp(12)
A9: Simulation horizon (min) | B9: 480 | C9: 480 | D9: 480

Sheet charts
A1: Scenario | B1: Avarage waiting time
A2: base case | B2: =summary!B2 -> 2.4495103
A3: scenario A | B3: =summary!C2 -> 0.58534962
A4: scenario B | B4: =summary!D2 -> 1.1773004
E19: Average Waiting Time Comparison | L19: Queue Length vs Time (Base Case)
E38: Queue Length vs Time (Scnario A) | K38: Queue Length vs Time (Scnario B)

Sheet summary
A1: Performance Measure | B1: Base Case (3 Tellers, λ=20/hr) | C1: Scenario A (4 Tellers, λ=20/hr) | D1: Scenario B (3 Tellers, λ=25/hr)
A2: Average waiting time (min) | B2: =AVERAGE(BaseCase_simulation!M2:M161) -> 2.4495103 | C2: =AVERAGE(Scenario_A!N2:N151) -> 0.58534962 | D2: =AVERAGE(Scenario_B!M2:M161) -> 1.1773004
A3: Maximum Waiting Time (min) | B3: =MAX(BaseCase_simulation!M2:M161) -> 17.23104 | C3: =MAX(Scenario_A!N2:N151) -> 8.8072327 | D3: =MAX(Scenario_B!M2:M161) -> 10.369612
A4: Average Queue Length | B4: =AVERAGE(BaseCase_simulation!O2:O161) -> 3 | C4: =AVERAGE(Scenario_A!P2:P151) -> 2 | D4: =AVERAGE(Scenario_B!O2:O161) -> 2.35
A5: Teller Utilization (%) | B5: =(AVERAGE(BaseCase_simulation!S2:S161)+AVERAGE(BaseCase_simulation!T2:T161)+AVERAGE(BaseCase_simulation!U2:U161))/100 -> 0.059360526 | C5: =(AVERAGE(Scenario_A!U2:U151)+AVERAGE(Scenario_A!V2:V151)+AVERAGE(Scenario_A!W2:W151)+AVERAGE(Scenario_A!X2:X151))/100 -> 0.055897018 | D5: =(AVERAGE(Scenario_B!S2:S161)+AVERAGE(Scenario_B!T2:T161)+AVERAGE(Scenario_B!U2:U161))/100 -> 0.059059177
A6: Total customers served during 480 minutes | B6: =COUNT(BaseCase_simulation!G2:G161) -> 160 | C6: =COUNT(Scenario_A!G2:G151) -> 150 | D6: =COUNT(Scenario_B!G2:G161) -> 160
